"","first","last","username"
"1","Andy","Neptune","ane15"
"2","Alan","Sun","asu24"
"3","Amal","Hades","aha6"
"4","Alex","Hera","ahe12"
"5","Aidan","Mercury","ame20"
"6","Alvin","Eunomia","aeu16"
"7","Arthur","Ganymede","aga23"
"8","Antigone","Callisto","aca20"
"9","Alvin","Ceres","ace1"
"10","Adam","Iris-Pupil","air16"
"11","Anita","Hebe","ahe16"
"12","Baez","Nabu","bna22"
"13","Barry","Thrace","bth7"
"14","Bevin","Proxima","bpr13"
"15","Barney","Wolfen","bwo8"
"16","Barron","Tau-Alpha","bta3"
"17","Bessie","Torino","bto3"
"18","Bethan","Palermo","bpa7"
"19","Betty","Toutalis","bto11"
"20","Caesar","Sol","cso28"
"21","Cairn","Rock","cro22"
